Timestamp,Name,Intake To,Breed,Color,Sex,Age,Dob (If Available),Weight,Intake From,Dog Friendly,Kid Friendly,Cat Friendly,Other Notes,Petfinder Link,Email Address,Status,Color Category,Primary Breed,Breed Group,Intake To Category,Days In Rescue,Intake Month,Age Group,Weight Group,Intake Source Type,Data Completeness %,LOS Bucket,Dog ID
2024-12-12 10:23:58,Coco,Barn,Staffordshire Terrier Mix,Brown And White,Female,5.0,,50.0,Estill County,No,Yes,No,,https://www.petfinder.com/dog/coco-save-2-lives-by-rescuing-one-71153128/ky/lancaster/kentucky-saving-them-together-inc-ky535/,,Available,Brown,Other,Other,Barn,544.0,2024-12,Adult,Large,County Shelter,100.0,180+ Days,DOG-0001
2024-12-12 10:47:28,Dallas,Barn,Pit Mix,Black And White,Male,4.0,,55.0,Garrard County,Yes,Yes,Unsure,,https://www.petfinder.com/dog/dallas-saving-2-lives-by-rescuing-one-73352554/ky/lancaster/kentucky-saving-them-together-inc-ky535/,,Available,Black,Pit Bull,Terrier,Barn,544.0,2024-12,Adult,Large,County Shelter,100.0,180+ Days,DOG-0002
2024-12-12 10:52:07,Susan,Barn,Australian Shepherd Pit Mix,Tan And White,Female,4.0,,46.0,Garrard County,Yes,Yes,Unsure,,https://www.petfinder.com/dog/susan-saving-2-lives-by-rescuing-one-73352621/ky/lancaster/kentucky-saving-them-together-inc-ky535/,,Available,Tan,Pit Bull,Terrier,Barn,544.0,2024-12,Adult,Medium,County Shelter,100.0,180+ Days,DOG-0003
2024-12-12 11:01:25,Rabbit,Foster KY,Pit Mix,Black,Male,8.0,,42.0,Knox County,Yes,Yes,Unsure,,https://www.petfinder.com/dog/rabbit-saving-2-lives-by-rescuing-one-73946895/ky/lancaster/kentucky-saving-them-together-inc-ky535/,,Available,Black,Pit Bull,Terrier,Foster,544.0,2024-12,Senior,Medium,County Shelter,100.0,180+ Days,DOG-0004
2024-12-30 13:56:05,Rose,Barn,Anatolian Mix,Black And Cream,Female,2.0,,35.0,Bell County,Yes,Unknown,Unsure,,https://www.petfinder.com/dog/rose-74867580/ky/lancaster/kentucky-saving-them-together-inc-ky535/,,Available,Black,Anatolian,Working,Barn,525.0,2024-12,Young Adult,Medium,County Shelter,100.0,180+ Days,DOG-0005
2024-12-30 13:57:41,Daisy,Barn,Anatolian Mix,Black And Cream,Female,2.0,,35.0,Bell County,Yes,Unknown,Unsure,,https://www.petfinder.com/dog/daisy-74867808/ky/lancaster/kentucky-saving-them-together-inc-ky535/,,Available,Black,Anatolian,Working,Barn,525.0,2024-12,Young Adult,Medium,County Shelter,100.0,180+ Days,DOG-0006
2025-04-29 10:40:03,Nick,Foster KY,Collie Mix,Black,Male,3.0,,37.0,Bell County,Yes,Yes,Unsure,,,,Available,Black,Collie,Herding,Foster,406.0,2025-04,Adult,Medium,County Shelter,83.33333333333334,180+ Days,DOG-0007
2025-03-28 14:15:02,Dj,Foster NY,Shepherd Mix,Black And Tan,Male,4.0,,40.0,Owner Surrender,Yes,Yes,No,,https://www.petfinder.com/dog/dj-76021892/ny/lagrangeville/fields-of-freedom-dog-rescue-ky602/,,Available,Black,Shepherd,Herding,Foster,437.0,2025-03,Adult,Medium,Owner Surrender,100.0,180+ Days,DOG-0008
2025-06-03 11:56:06,Anne,Barn,Hound Mix,Tan And White,Female,0.83,,32.0,Bell County,Yes,Yes,Unsure,,,,Available,Tan,Hound,Hound,Barn,371.0,2025-06,Puppy,Medium,County Shelter,83.33333333333334,180+ Days,DOG-0009
2025-07-02 09:12:57,Moo Moo,Barn,Pit Mix,Black And White,Male,2.0,,40.0,Bell County,Yes,Yes,Unsure,,,,Available,Black,Pit Bull,Terrier,Barn,342.0,2025-07,Young Adult,Medium,County Shelter,83.33333333333334,180+ Days,DOG-0010
2025-07-30 09:35:36,Lightning,Foster KY,Shepherd Mix,Tricolor,Female,5.0,,50.0,Garrard County,Yes,Yes,Unsure,,,,Available,Tricolor,Shepherd,Herding,Foster,314.0,2025-07,Adult,Large,County Shelter,83.33333333333334,180+ Days,DOG-0011
2025-07-30 09:42:30,Krypto,Foster,Pit Boxer Mix,Black And White,Male,7.0,,,Transfer From Rescue,Yes,Yes,Unsure,,,,Available,Black,Pit Bull,Terrier,Foster,314.0,2025-07,Adult,Unknown,Rescue Transfer,66.66666666666666,180+ Days,DOG-0012
2025-10-14 12:59:21,Auri,Foster KY,Border Collie Mix,Black And White,Female,4.5,,45.0,Owner Surrender,Selective,Unknown,Unsure,,,,Available,Black,Border Collie,Herding,Foster,238.0,2025-10,Adult,Medium,Owner Surrender,83.33333333333334,180+ Days,DOG-0013
2025-11-26 10:14:48,Dante,Barn,Pit Mix,Black,Male,3.0,,46.0,Knox County,Yes,Yes,Unsure,,,,Available,Black,Pit Bull,Terrier,Barn,195.0,2025-11,Adult,Medium,County Shelter,83.33333333333334,180+ Days,DOG-0014
2025-12-05 16:47:30,Lucy,Barn,Bird Dog,Brown And White,Female,3.0,,,Bell County,Yes,Unknown,Unsure,,,,Available,Brown,Bird Dog,Sporting,Barn,185.0,2025-12,Adult,Unknown,County Shelter,66.66666666666666,180+ Days,DOG-0015
2025-12-29 12:17:21,Henny,Barn,Bully Mix,Black And White,Male,3.0,,75.0,Bell County,Unknown,Unknown,Unsure,,,,Available,Black,Bully,Terrier,Barn,162.0,2025-12,Adult,XL,County Shelter,83.33333333333334,91–180 Days,DOG-0016
2026-01-06 11:55:15,Ruger,Foster KY,Border Collie,Black And White,Male,0.75,,52.0,Bell County,Yes,Unknown,Unsure,,,,Available,Black,Border Collie,Herding,Foster,154.0,2026-01,Puppy,Large,County Shelter,83.33333333333334,91–180 Days,DOG-0017
2026-02-11 12:09:18,Luna,Barn,Pit Mix,Black And White,Female,1.0,,53.0,Bell County,Yes,Yes,Unsure,,,,Available,Black,Pit Bull,Terrier,Barn,118.0,2026-02,Young Adult,Large,County Shelter,83.33333333333334,91–180 Days,DOG-0018
2026-05-14 11:47:20,Ruby,Foster,Boxer Mix,Brindle And White,Female,3.0,,46.0,Bell County,Yes,Yes,Unsure,,,,Available,Brindle,Boxer,Working,Foster,26.0,2026-05,Adult,Medium,County Shelter,83.33333333333334,0–30 Days,DOG-0019
2026-05-14 11:50:13,Jelly,Foster,Beagle Mix,Brown And White,Male,2.0,,36.0,Bell County,Yes,Yes,Unsure,,,,Available,Brown,Beagle,Hound,Foster,26.0,2026-05,Young Adult,Medium,County Shelter,83.33333333333334,0–30 Days,DOG-0020
2026-05-14 11:51:07,Cricket,Barn,Mixed Breed,Black And White,Male,3.0,,52.0,Stray,No,Unknown,Unsure,,,,Available,Black,Other,Other,Barn,26.0,2026-05,Adult,Large,Stray,83.33333333333334,0–30 Days,DOG-0021
2026-05-14 11:53:42,Ruger,Boarding/Vet,Pit Bull Terrier,Tan And White,Male,3.0,,66.0,Bell County,Yes,Unknown,Unsure,,,,Available,Tan,Pit Bull,Terrier,Boarding/Vet,26.0,2026-05,Adult,Large,County Shelter,83.33333333333334,0–30 Days,DOG-0022
2026-05-14 11:56:33,Arlo,Barn,Pit Mix,White,Male,3.0,,66.0,Knox County,Yes,Yes,Unsure,,,,Available,White,Pit Bull,Terrier,Barn,26.0,2026-05,Adult,Large,County Shelter,83.33333333333334,0–30 Days,DOG-0023
2024-12-12 10:45:59,Scrappy,Barn,Hound Mix,Brown,Male,2.0,,47.0,Bell County,Yes,Yes,Unsure,,https://www.petfinder.com/dog/scrappy-saving-2-lives-by-rescuing-one-73352995/ky/lancaster/kentucky-saving-them-together-inc-ky535/,,Available,Brown,Hound,Hound,Barn,544.0,2024-12,Young Adult,Medium,County Shelter,100.0,180+ Days,DOG-0024
2025-07-30 09:34:25,Jax,Barn,Pit Mix,Brindle,Male,4.0,,42.0,Garrard County,Yes,Unknown,Unsure,,,,Available,Brindle,Pit Bull,Terrier,Barn,314.0,2025-07,Adult,Medium,County Shelter,83.33333333333334,180+ Days,DOG-0025
2024-12-12 10:17:07,Abby,Adopted,Pit Mix,Brindle And Gray,Female,3.0,,32.0,Knox-Whitley Humane,Yes,Yes,No,,,,Adopted,Brindle,Pit Bull,Terrier,Adopted,,2024-12,Adult,Medium,Other,83.33333333333334,Historical,DOG-0026
2024-12-12 10:19:51,Buffalo Trace,Adopted,Anatolian Shephard/Hound,Tan And White,Male,4.0,,74.0,Bell County,Yes,Yes,Unsure,,,,Adopted,Tan,Anatolian,Working,Adopted,,2024-12,Adult,Large,County Shelter,83.33333333333334,Historical,DOG-0027
2024-12-12 10:22:07,Camo,Adopted,Australian Cattle Dog Mix,Blue And Brown,Male,3.0,,45.0,Knox- Whitley,Yes,Yes,Unsure,,,,Adopted,Brown,Other,Other,Adopted,,2024-12,Adult,Medium,Other,83.33333333333334,Historical,DOG-0028
2024-12-12 10:26:07,Leslie,Adopted,Mountain Curr Mix,Brindle,Female,3.0,,45.0,Knox-Whitley,Yes,Yes,No,,,,Adopted,Brindle,Other,Other,Adopted,,2024-12,Adult,Medium,Other,83.33333333333334,Historical,DOG-0029
2024-12-12 10:28:02,Maxwell,Adopted,Jack Russell Mix,Tan And White,Male,4.0,,45.0,Knox-Whitley,Yes,Yes,Unsure,,,,Adopted,Tan,Other,Other,Adopted,,2024-12,Adult,Medium,Other,83.33333333333334,Historical,DOG-0030
2024-12-12 10:31:29,Mildred,Adopted,Staffy Mix,Blue And White,Female,4.0,,49.0,Knox-Whitley,No,Yes,No,,,,Adopted,White,Other,Other,Adopted,,2024-12,Adult,Medium,Other,83.33333333333334,Historical,DOG-0031
2024-12-12 10:36:12,Ruger,Adopted,Boxer Mix,Brindle,Male,2.0,,56.0,Drop Off,Yes,Yes,Unsure,,,,Adopted,Brindle,Boxer,Working,Adopted,,2024-12,Young Adult,Large,Other,83.33333333333334,Historical,DOG-0032
2024-12-12 10:38:04,Sunny,Adopted,Lab Mix,Yellow,Female,2.0,0510/2022,50.0,Knox-Whitley,Yes,Yes,Unsure,,,,Adopted,Yellow,Other,Other,Adopted,,2024-12,Young Adult,Large,Other,83.33333333333334,Historical,DOG-0033
2024-12-12 10:40:21,Socks,Adopted,Lab Mix,Black,Male,2.0,,76.0,Knox-Whitley,Yes,Yes,Unsure,,,,Adopted,Black,Other,Other,Adopted,,2024-12,Young Adult,XL,Other,83.33333333333334,Historical,DOG-0034
2024-12-12 10:41:30,Socks,Adopted,Mountain Curr,Brindle And White,Male,2.0,,76.0,Drop-Off,Yes,Yes,Unsure,,,,Adopted,Brindle,Other,Other,Adopted,,2024-12,Young Adult,XL,Other,83.33333333333334,Historical,DOG-0035
2024-12-12 10:44:38,Hamlet,Adopted,German Shepherd,Black,Male,5.0,,70.0,Knox-Whitley,Yes,Yes,Yes,,,,Adopted,Black,Shepherd,Herding,Adopted,,2024-12,Adult,Large,Other,83.33333333333334,Historical,DOG-0036
2024-12-12 10:50:08,Melon,Adopted,Boxer Mix,Brindle And White,Female,3.0,,46.0,Garrard County,Yes,Yes,Yes,,,,Adopted,Brindle,Boxer,Working,Adopted,,2024-12,Adult,Medium,County Shelter,83.33333333333334,Historical,DOG-0037
2024-12-12 10:53:22,Petra,Adopted,Lab Mix,White,Female,1.0,,46.0,Animal Care Stanford,Yes,Yes,Unsure,,,,Adopted,White,Other,Other,Adopted,,2024-12,Young Adult,Medium,Other,83.33333333333334,Historical,DOG-0038
2024-12-12 10:54:36,Bones,Adopted,Airedale Terrier,Black And Tan,Male,2.0,,65.0,Lincoln County,Yes,Yes,Unsure,,,,Adopted,Black,Other,Other,Adopted,,2024-12,Young Adult,Large,County Shelter,83.33333333333334,Historical,DOG-0039
2024-12-12 10:56:14,Blitz,Adopted,Lab Mix,Black,Male,3.0,,50.0,Bell County,Yes,Yes,Unsure,,,,Adopted,Black,Other,Other,Adopted,,2024-12,Adult,Large,County Shelter,83.33333333333334,Historical,DOG-0040
2024-12-12 11:19:57,Borax,Adopted,Shepherd Mix,Black,Male,3.0,,56.0,Knox-Whitley,Yes,Yes,Unsure,,,,Adopted,Black,Shepherd,Herding,Adopted,,2024-12,Adult,Large,Other,83.33333333333334,Historical,DOG-0041
2024-12-12 11:02:32,Lucy,Adopted,Lab Mix,Black,Female,2.0,,50.0,Bell County,Yes,Yes,Unsure,,,,Adopted,Black,Other,Other,Adopted,,2024-12,Young Adult,Large,County Shelter,83.33333333333334,Historical,DOG-0042
2024-12-12 11:25:23,Murphy,Adopted,German Shepherd Mix,Black And White,Male,2.0,,50.0,Bell County,Yes,Yes,Unsure,,,,Adopted,Black,Shepherd,Herding,Adopted,,2024-12,Young Adult,Large,County Shelter,83.33333333333334,Historical,DOG-0043
2024-12-12 11:05:44,Porter,Adopted,Boxer Mix,White,Male,5.0,,75.0,Rescue Situation,Yes,Yes,Unsure,,,,Adopted,White,Boxer,Working,Adopted,,2024-12,Adult,XL,Rescue Transfer,83.33333333333334,Historical,DOG-0044
2024-12-12 11:21:45,Victor,Adopted,Lab Mix,Black And White,Male,6.0,,47.0,Bell County,Yes,Yes,Unsure,,,,Adopted,Black,Other,Other,Adopted,,2024-12,Adult,Medium,County Shelter,83.33333333333334,Historical,DOG-0045
2024-12-12 11:30:05,Gnocci,Adopted,Lab Mix,Silver,Female,1.0,,49.0,Bell County,Yes,Unknown,Unsure,,,,Adopted,Silver,Other,Other,Adopted,,2024-12,Young Adult,Medium,County Shelter,83.33333333333334,Historical,DOG-0046
2024-12-12 10:42:50,Oreo,Adopted,Lab Mix,Black And White,Female,3.0,,45.0,Bell County,Yes,Yes,Unsure,,,https://www.petfinder.com/dog/coco-save-2-lives-by-rescuing-one-71153128/ky/lancaster/kentucky-saving-them-together-inc-ky535/,Adopted,Black,Other,Other,Adopted,,2024-12,Adult,Medium,County Shelter,83.33333333333334,Historical,DOG-0047
2025-02-04 16:00:56,Shep,Adopted,Border Collie Mix,Black And White,Male,3.0,,46.0,Bell County,Yes,Unknown,Unsure,,,,Adopted,Black,Border Collie,Herding,Adopted,,2025-02,Adult,Medium,County Shelter,83.33333333333334,Historical,DOG-0048
2024-12-12 11:27:18,Bear,Adopted,German Pincher Mix,Black And Tan,Male,1.0,,30.0,Bell County,Yes,Unknown,Unsure,,,https://www.petfinder.com/dog/bear-saving-2-lives-by-rescuing-one-74330944/ky/lancaster/kentucky-saving-them-together-inc-ky535/,Adopted,Black,Other,Other,Adopted,,2024-12,Young Adult,Medium,County Shelter,83.33333333333334,Historical,DOG-0049
2024-12-12 12:03:36,Charger,Adopted,Lab Mix,Brown And Silver,Male,1.0,,65.0,Bell County,Yes,Unknown,Unsure,,,https://www.petfinder.com/dog/charger-saving-2-lives-by-rescuing-one-74332438/ky/lancaster/kentucky-saving-them-together-inc-ky535/,Adopted,Brown,Other,Other,Adopted,,2024-12,Young Adult,Large,County Shelter,83.33333333333334,Historical,DOG-0050
2025-03-03 11:45:24,Gertie,Adopted,Staffy Aussie Mix,Black And White,Female,4.0,,35.0,Jennifer,Yes,Yes,Unsure,,,,Adopted,Black,Other,Other,Adopted,,2025-03,Adult,Medium,Other,83.33333333333334,Historical,DOG-0051
2025-02-17 12:59:27,Eden,Adopted,Gsd Mix,Black And Brown,Female,0.75,,25.0,Bell County,Yes,Yes,Unsure,Dog selective/pregnant,,,Adopted,Black,Other,Other,Adopted,,2025-02,Puppy,Medium,County Shelter,83.33333333333334,Historical,DOG-0052
2025-03-28 14:12:02,Clarabelle,Adopted,Pit Mix,Black And White,Female,,,14.0,Bell County,Yes,Yes,Unsure,,,,Adopted,Black,Pit Bull,Terrier,Adopted,,2025-03,Unknown,Small,County Shelter,66.66666666666666,Historical,DOG-0053
2024-12-12 10:35:07,Patterson,Adopted,Jack Russell Mix,Tan And White,Male,5.0,,40.0,Knox-Whitley,Yes,No,Unsure,,,https://www.petfinder.com/dog/patterson-save-2-lives-by-rescuing-one-72597028/ky/lancaster/kentucky-saving-them-together-inc-ky535/,Adopted,Tan,Other,Other,Adopted,,2024-12,Adult,Medium,Other,83.33333333333334,Historical,DOG-0054
2025-03-28 14:14:04,Mickey,Adopted,Pit Mix,Black And White,Male,,,13.0,Bell County,Yes,Yes,No,,,,Adopted,Black,Pit Bull,Terrier,Adopted,,2025-03,Unknown,Small,County Shelter,66.66666666666666,Historical,DOG-0055
2025-02-17 12:50:04,Krypto,Adopted,Heeler Mix,White,Male,0.33,,10.0,Bell County,Yes,Yes,Yes,Puppy,,,Adopted,White,Other,Other,Adopted,,2025-02,Puppy,Small,County Shelter,83.33333333333334,Historical,DOG-0056
2025-01-21 09:55:47,Romeo,Adopted,Bully Mix,White,Male,3.0,,65.0,House Rescue,Yes,Yes,Unsure,Owner gave up rights,,https://www.petfinder.com/dog/romeo-74865670/ky/lancaster/kentucky-saving-them-together-inc-ky535/,Adopted,White,Bully,Terrier,Adopted,,2025-01,Adult,Large,Rescue Transfer,83.33333333333334,Historical,DOG-0057
2025-01-10 11:47:46,Stella,Adopted,Pit Mix,Tan And White,Female,4.0,,42.0,Knox-Whitley,Yes,Yes,Yes,,,,Adopted,Tan,Pit Bull,Terrier,Adopted,,2025-01,Adult,Medium,Other,83.33333333333334,Historical,DOG-0058
2025-03-28 14:11:01,Goofy,Adopted,Pit Mix,Black And White,Male,,,12.0,Bell County,Yes,Yes,Unsure,,,,Adopted,Black,Pit Bull,Terrier,Adopted,,2025-03,Unknown,Small,County Shelter,66.66666666666666,Historical,DOG-0059
2025-02-04 15:59:45,Hank,Adopted,Hound Mix,Brown And Tan,Male,2.0,,75.0,Bell County,Yes,Yes,Unsure,,,,Adopted,Brown,Hound,Hound,Adopted,,2025-02,Young Adult,XL,County Shelter,83.33333333333334,Historical,DOG-0060
2024-12-12 11:28:59,Odin,Adopted,Lab Mix,Black,Male,6.0,,46.0,Bell County,Yes,Unknown,Unsure,,,https://www.petfinder.com/dog/odin-saving-2-lives-by-rescuing-one-74331081/ky/lancaster/kentucky-saving-them-together-inc-ky535/,Adopted,Black,Other,Other,Adopted,,2024-12,Adult,Medium,County Shelter,83.33333333333334,Historical,DOG-0061
2025-02-04 15:59:45,Hank,Adopted,Hound Mix,Brown And Tan,Male,2.0,,75.0,Bell County,Yes,Yes,Unsure,,,,Adopted,Brown,Hound,Hound,Adopted,,2025-02,Young Adult,XL,County Shelter,83.33333333333334,Historical,DOG-0062
2025-02-17 12:55:28,Minnie,Adopted,Boston Mix,Black And White,Female,0.42,,15.0,Bell County,Yes,Yes,Unsure,Sibling to Mickie,,,Adopted,Black,Other,Other,Adopted,,2025-02,Puppy,Small,County Shelter,83.33333333333334,Historical,DOG-0063
2025-02-19 11:36:58,Mickie,Adopted,Boston Mix,Black And White,Male,0.42,,29.0,Bell County,Yes,Yes,Unsure,Sibling to Minnie,,,Adopted,Black,Other,Other,Adopted,,2025-02,Puppy,Medium,County Shelter,83.33333333333334,Historical,DOG-0064
2025-03-28 14:13:08,Minnie Puppy,Adopted,Pit Mix,Black And White,Female,14.0,,14.0,Bell County,Yes,Yes,Unsure,,,,Adopted,Black,Pit Bull,Terrier,Adopted,,2025-03,Senior,Small,County Shelter,83.33333333333334,Historical,DOG-0065
2024-12-30 13:59:17,Hope,Adopted,Lab/Hound Mix,Black,Female,1.0,,40.0,Stray,Yes,Yes,Unsure,,,https://www.petfinder.com/dog/hope-74883636/ky/lancaster/kentucky-saving-them-together-inc-ky535/,Adopted,Black,Hound,Hound,Adopted,,2024-12,Young Adult,Medium,Stray,83.33333333333334,Historical,DOG-0066
2025-01-13 15:11:08,Buddy,Adopted,Pit Mix,Black,Male,2.0,,50.0,Bell County,Female Friendly ,Unknown,Unsure,,,https://www.petfinder.com/dog/buddy-74907728/ky/lancaster/kentucky-saving-them-together-inc-ky535/,Adopted,Black,Pit Bull,Terrier,Adopted,,2025-01,Young Adult,Large,County Shelter,83.33333333333334,Historical,DOG-0067
2025-04-23 16:30:15,Sam,Adopted,Dachshund/Catahoula,Tricolor,Male,3.0,,25.0,Knox-Whitley,Only With Females,Yes,No,,,,Adopted,Tricolor,Other,Other,Adopted,,2025-04,Adult,Medium,Other,83.33333333333334,Historical,DOG-0068
2025-04-23 16:34:51,Heaven,Adopted,Cattle Dog Mix,Black And White,Female,5.0,,36.0,Bell County,Yes,Yes,Yes,,,,Adopted,Black,Other,Other,Adopted,,2025-04,Adult,Medium,County Shelter,83.33333333333334,Historical,DOG-0069
2025-02-17 12:52:05,Daisy Hound,Adopted,Hound Mix,Tricolor,Female,2.0,,30.0,Bell County,Yes,Yes,Unsure,Under weight,,https://www.petfinder.com/dog/daisy-75609223/ky/junction-city/fields-of-freedom-dog-rescue-ky602/,Adopted,Tricolor,Hound,Hound,Adopted,,2025-02,Young Adult,Medium,County Shelter,83.33333333333334,Historical,DOG-0070
2025-04-18 11:20:53,Molly,Adopted,Lab,White,Female,3.0,,40.0,Bell County,Yes,Yes,Unsure,,,https://www.petfinder.com/dog/molly-76131255/ky/junction-city/fields-of-freedom-dog-rescue-ky602/,Adopted,White,Other,Other,Adopted,,2025-04,Adult,Medium,County Shelter,83.33333333333334,Historical,DOG-0071
2025-01-22 16:16:35,Buck,Adopted,Bully Cane Corso Mix,Brown,Male,2.0,,90.0,Home Rescue,More Testing,Yes,Unsure,"Very playful, lots of energy, and loves toys. Owner gave up rights.",,"Dog for adoption - Buck, a Cane Corso Mix in Lancaster, KY | Petfinder",Adopted,Brown,Bully,Terrier,Adopted,,2025-01,Young Adult,XL,Rescue Transfer,83.33333333333334,Historical,DOG-0072
2025-04-29 10:27:47,Loretta,Adopted,Hound Mix,Tricolor,Female,7.0,,,Return Adoption,Yes,Yes,Unsure,,,,Adopted,Tricolor,Hound,Hound,Adopted,,2025-04,Adult,Unknown,Other,66.66666666666666,Historical,DOG-0073
2025-05-12 11:56:28,Sola,Adopted,Hound Mix,Tan And White,Female,0.58,,15.0,Bell County,Yes,Yes,Yes,,,,Adopted,Tan,Hound,Hound,Adopted,,2025-05,Puppy,Small,County Shelter,83.33333333333334,Historical,DOG-0074
2025-05-12 12:00:47,Ellie,Adopted,Lab Mix,Black,Female,0.5,,25.0,Transfer From Rescue,Yes,Yes,Yes,,,,Adopted,Black,Other,Other,Adopted,,2025-05,Puppy,Medium,Rescue Transfer,83.33333333333334,Historical,DOG-0075
2025-06-03 11:57:39,May May,Adopted,Pit Mix,Brindle And White,Female,0.58,,24.4,Bell County,Yes,Yes,Unsure,,,,Adopted,Brindle,Pit Bull,Terrier,Adopted,,2025-06,Puppy,Small,County Shelter,83.33333333333334,Historical,DOG-0076
2025-04-23 16:31:38,Fig,Adopted,Schnoodle,Black And White,Female,1.0,,27.0,Bell County,Yes,Yes,Yes,,,https://www.petfinder.com/dog/fig-76386704/ky/junction-city/fields-of-freedom-dog-rescue-ky602/,Adopted,Black,Other,Other,Adopted,,2025-04,Young Adult,Medium,County Shelter,83.33333333333334,Historical,DOG-0077
2025-06-16 10:37:37,Ruger,Adopted,German Shepherd,Black And Tan,Male,8.0,,100.0,Knox County,Yes,Yes,Unsure,,,,Adopted,Black,Shepherd,Herding,Adopted,,2025-06,Senior,XL,County Shelter,83.33333333333334,Historical,DOG-0078
2024-12-12 10:59:47,Frankie,Adopted,Pit Mix,Tan And White,Male,2.0,,45.0,Bell County,Yes,Yes,Unsure,,,https://www.petfinder.com/dog/frank-saving-2-lives-by-rescuing-one-73692710/ky/lancaster/kentucky-saving-them-together-inc-ky535/,Adopted,Tan,Pit Bull,Terrier,Adopted,,2024-12,Young Adult,Medium,County Shelter,83.33333333333334,Historical,DOG-0079
2025-06-03 11:53:36,Sophie,Adopted,Schnauzer Mix,Black,Female,3.0,,23.0,Bell County,Yes,Yes,Yes,,,,Adopted,Black,Other,Other,Adopted,,2025-06,Adult,Small,County Shelter,83.33333333333334,Historical,DOG-0080
2025-06-03 12:02:35,Macho,Adopted,Boxer Mix,Black And White,Male,1.5,,45.0,Knox County,Yes,Yes,Unsure,,,,Adopted,Black,Boxer,Working,Adopted,,2025-06,Young Adult,Medium,County Shelter,83.33333333333334,Historical,DOG-0081
2025-06-03 12:04:10,Rita,Adopted,Pit Mix,Tan And White,Female,0.42,,15.0,Bell County,Yes,Yes,Unsure,,,https://www.petfinder.com/dog/margarita-76803346/ky/junction-city/fields-of-freedom-dog-rescue-ky602/,Adopted,Tan,Pit Bull,Terrier,Adopted,,2025-06,Puppy,Small,County Shelter,83.33333333333334,Historical,DOG-0082
2025-05-21 10:07:53,Toby,Adopted,Boxer Mix,Gray And White,Male,5.0,,65.0,Bell County,Yes,Yes,Unsure,,,https://www.petfinder.com/dog/toby-76803204/ky/junction-city/fields-of-freedom-dog-rescue-ky602/,Adopted,White,Boxer,Working,Adopted,,2025-05,Adult,Large,County Shelter,83.33333333333334,Historical,DOG-0083
2025-03-28 14:20:59,Gilbert,Adopted,Hound,Tricolor,Male,2.0,,,Bell County,Yes,Unknown,No,,,https://www.petfinder.com/dog/gilbert-76131457/ky/junction-city/fields-of-freedom-dog-rescue-ky602/,Adopted,Tricolor,Hound,Hound,Adopted,,2025-03,Young Adult,Unknown,County Shelter,66.66666666666666,Historical,DOG-0084
2024-12-12 11:31:23,Koda,Adopted,Mountain Curr Mix,Brindle,Male,2.0,,77.0,Bell County,Yes,Unknown,Unsure,,,https://www.petfinder.com/dog/koda-saving-2-lives-by-rescuing-one-74331847/ky/lancaster/kentucky-saving-them-together-inc-ky535/,Adopted,Brindle,Other,Other,Adopted,,2024-12,Young Adult,XL,County Shelter,83.33333333333334,Historical,DOG-0085
2025-03-28 14:18:49,Toaster,Adopted,Pit Mix,Brown And White,Male,4.0,,40.0,Bell County,Unknown,Unknown,Unsure,,,https://www.petfinder.com/dog/toaster-76131027/ky/junction-city/fields-of-freedom-dog-rescue-ky602/,Adopted,Brown,Pit Bull,Terrier,Adopted,,2025-03,Adult,Medium,County Shelter,83.33333333333334,Historical,DOG-0086
2025-07-01 11:35:54,Scottie,Adopted,Shepherd Mix,Black And Tan,Female,1.0,,35.0,Transfer From Rescue,Unknown,Unknown,Unsure,,,,Adopted,Black,Shepherd,Herding,Adopted,,2025-07,Young Adult,Medium,Rescue Transfer,83.33333333333334,Historical,DOG-0087
2025-07-30 09:41:11,Allie,Adopted,Aussie Mix,Tricolor,Female,1.0,,40.0,Stanford,Yes,Unknown,Unsure,,,,Adopted,Tricolor,Other,Other,Adopted,,2025-07,Young Adult,Medium,Other,83.33333333333334,Historical,DOG-0088
2025-09-17 09:08:17,Tippy,Adopted,Golden Mix,Golden And White,Male,2.0,,80.0,Bell County,Yes,Yes,Unsure,,,,Adopted,White,Other,Other,Adopted,,2025-09,Young Adult,XL,County Shelter,83.33333333333334,Historical,DOG-0089
2024-12-12 11:18:09,Ella,Adopted,Shepherd Mix,Brown,Female,3.0,,36.0,Transfer From Rescue,Yes,Yes,Unsure,,,https://www.petfinder.com/dog/ella-saving-2-lives-by-rescuing-one-73692289/ky/lancaster/kentucky-saving-them-together-inc-ky535/,Adopted,Brown,Shepherd,Herding,Adopted,,2024-12,Adult,Medium,Rescue Transfer,83.33333333333334,Historical,DOG-0090
2025-06-03 12:01:18,Nash,Adopted,Blue Heeler/German Shepherd,Tricolor,Male,1.0,,42.4,Knox County,Yes,Yes,Unsure,,,,Adopted,Tricolor,Shepherd,Herding,Adopted,,2025-06,Young Adult,Medium,County Shelter,83.33333333333334,Historical,DOG-0091
2025-09-17 08:57:05,Stella,Adopted,Shepherd Mix,Black And Tan,Female,2.0,,40.0,Bell County,Yes,Yes,Unsure,,,,Adopted,Black,Shepherd,Herding,Adopted,,2025-09,Young Adult,Medium,County Shelter,83.33333333333334,Historical,DOG-0092
2025-07-30 09:40:02,Cain,Adopted,Cane Corso,Black And Gray,Male,2.0,,100.0,Owner Surrender,Yes,Yes,Unsure,,,,Adopted,Black,Other,Other,Adopted,,2025-07,Young Adult,XL,Owner Surrender,83.33333333333334,Historical,DOG-0093
2024-12-12 11:04:08,Rufus,Adopted,German Shepherd Mix,Brown And White,Male,3.0,,75.0,Bell County,Yes,Yes,Unsure,,,https://www.petfinder.com/dog/rufus-saving-2-lives-by-rescuing-one-73722258/ky/lancaster/kentucky-saving-them-together-inc-ky535/,Adopted,Brown,Shepherd,Herding,Adopted,,2024-12,Adult,XL,County Shelter,83.33333333333334,Historical,DOG-0094
2025-08-20 09:51:38,Red,Adopted,Chow/ Shepherd,Black And Red,Female,0.67,,45.0,Bell County,Yes,Yes,Unsure,,,,Adopted,Black,Shepherd,Herding,Adopted,,2025-08,Puppy,Medium,County Shelter,83.33333333333334,Historical,DOG-0095
2025-09-17 09:06:39,Noodle,Adopted,Pit Mix,Black And White,Male,3.0,,68.0,Bell County,Dog Selective,Unknown,yes,,,,Adopted,Black,Pit Bull,Terrier,Adopted,,2025-09,Adult,Large,County Shelter,83.33333333333334,Historical,DOG-0096
2025-07-30 09:38:55,Pamela,Adopted,Shepherd Mix,Tricolor,Female,4.0,,40.0,Knox County,Yes,Yes,Unsure,,,,Adopted,Tricolor,Shepherd,Herding,Adopted,,2025-07,Adult,Medium,County Shelter,83.33333333333334,Historical,DOG-0097
2025-10-22 09:47:10,Lilly,Adopted,Gsp,Black And White,Female,1.0,,50.0,Bell County,Unknown,Unknown,Unsure,Foster With Kayla M.,,,Adopted,Black,Other,Other,Adopted,,2025-10,Young Adult,Large,County Shelter,83.33333333333334,Historical,DOG-0098
2025-11-06 09:31:56,Lilo,Adopted,Terrier Mix,Gray And White,Female,4.0,,12.0,Knox County,Unknown,Unknown,Unsure,Bonded Pair with Kehlani,,,Adopted,White,Other,Other,Adopted,,2025-11,Adult,Small,County Shelter,83.33333333333334,Historical,DOG-0099
2025-11-06 09:33:11,Kehlani,Adopted,Terrier Mix,Brown And White,Female,3.0,,15.0,Knox County,Yes,Unknown,Unsure,Bonded pair with Cardi,,,Adopted,Brown,Other,Other,Adopted,,2025-11,Adult,Small,County Shelter,83.33333333333334,Historical,DOG-0100
2025-11-10 11:35:45,Bones,Adopted,Pit Mix,Black And White,Male,4.0,,45.0,Ohio,Yes,Yes,Unsure,,,,Adopted,Black,Pit Bull,Terrier,Adopted,,2025-11,Adult,Medium,Other,83.33333333333334,Historical,DOG-0101
2025-10-01 13:54:18,Blue,Adopted,Staffy Mix,Blue And Silver,Male,4.0,,46.0,Bell County,Yes,Yes,Unsure,Has really bad separation anxiety,,,Adopted,Blue,Other,Other,Adopted,,2025-10,Adult,Medium,County Shelter,83.33333333333334,Historical,DOG-0102
2025-11-26 10:16:12,Izzy,Adopted,Chi Mix,Black And White,Female,6.0,,19.0,Knox County,Yes,Yes,Yes,,,,Adopted,Black,Other,Other,Adopted,,2025-11,Adult,Small,County Shelter,83.33333333333334,Historical,DOG-0103
2025-12-22 11:44:56,Hazel,Adopted,Boxer Mix,Brindle And White,Female,,,,Bell County,Yes,Yes,Unsure,,,,Adopted,Brindle,Boxer,Working,Adopted,,2025-12,Unknown,Unknown,County Shelter,50.0,Historical,DOG-0104
2025-12-22 11:43:48,Annie,Adopted,Shep Mix,Brown,Female,,,,Bell County,Yes,Unknown,Unsure,,,,Adopted,Brown,Other,Other,Adopted,,2025-12,Unknown,Unknown,County Shelter,50.0,Historical,DOG-0105
2025-12-22 11:42:39,Jake/Fulton,Adopted,Pyrenees Mix,White,Male,,,,Bell County,Yes,Yes,Unsure,,,,Adopted,White,Other,Other,Adopted,,2025-12,Unknown,Unknown,County Shelter,50.0,Historical,DOG-0106
2025-12-29 12:16:23,Hal,Adopted,Poodle,Gray And White,Male,2.0,,,Regina,Yes,Yes,Unsure,,,,Adopted,White,Other,Other,Adopted,,2025-12,Young Adult,Unknown,Other,66.66666666666666,Historical,DOG-0107
2025-11-26 10:15:31,Cheese,Adopted,Lab Mix,Yellow,Male,3.0,,57.0,Knox County,Yes,Yes,Unsure,,,,Adopted,Yellow,Other,Other,Adopted,,2025-11,Adult,Large,County Shelter,83.33333333333334,Historical,DOG-0108
2025-12-05 16:46:32,Pearl,Adopted,Staffy Mix,White,Female,2.5,,39.0,Bell County,Selected ,Unknown,Unsure,Getting treated for Stab wound,,,Adopted,White,Other,Other,Adopted,,2025-12,Young Adult,Medium,County Shelter,83.33333333333334,Historical,DOG-0109
2026-01-06 11:52:38,Potato,Adopted,Shepherd Mix,Black And Tan,Male,5.0,,80.0,Bell County,Yes,Yes,No,,,,Adopted,Black,Shepherd,Herding,Adopted,,2026-01,Adult,XL,County Shelter,83.33333333333334,Historical,DOG-0110
2026-01-13 14:17:01,Maci,Adopted,Boxer/Shepherd Mix,Tan And White,Female,,,,Bell County,Yes,Yes,Unsure,Puppy,,,Adopted,Tan,Shepherd,Herding,Adopted,,2026-01,Unknown,Unknown,County Shelter,50.0,Historical,DOG-0111
2026-01-06 11:51:49,Angel,Adopted,Pit Mix,Tan,Female,,,39.0,Bell County,Yes,Unknown,Unsure,,,,Adopted,Tan,Pit Bull,Terrier,Adopted,,2026-01,Unknown,Medium,County Shelter,66.66666666666666,Historical,DOG-0112
2026-01-06 11:53:23,Jim,Adopted,Boxer Mix,Brindle,Male,,,,Bell County,Yes,Unknown,Unsure,,,,Adopted,Brindle,Boxer,Working,Adopted,,2026-01,Unknown,Unknown,County Shelter,50.0,Historical,DOG-0113
2025-10-22 09:42:38,Ruby,Adopted,Spaniel Mix,Tricolor,Female,2.0,,50.0,Knox County,Yes,Unknown,Unsure,,,,Adopted,Tricolor,Other,Other,Adopted,,2025-10,Young Adult,Large,County Shelter,83.33333333333334,Historical,DOG-0114
2025-11-20 09:02:34,Josie,Adopted,Boxer,Tricolor,Female,4.5,,35.0,Bell County,Yes,Yes,Unsure,,,,Adopted,Tricolor,Boxer,Working,Adopted,,2025-11,Adult,Medium,County Shelter,83.33333333333334,Historical,DOG-0115
2026-01-13 14:20:16,Queso,Adopted,Chi,Tan And White,Male,3.0,,15.0,Bell County,Yes,Yes,Unsure,,,,Adopted,Tan,Other,Other,Adopted,,2026-01,Adult,Small,County Shelter,83.33333333333334,Historical,DOG-0116
2026-01-13 14:19:41,Chico,Adopted,Chi,Tan,Male,3.0,,15.0,Bell County,Yes,Yes,Unsure,,,,Adopted,Tan,Other,Other,Adopted,,2026-01,Adult,Small,County Shelter,83.33333333333334,Historical,DOG-0117
2026-01-13 14:18:13,Mikey,Adopted,Boxer/Shep Mix,Tan And White,Male,,,,Bell County,Yes,Yes,Unsure,Puppy,,,Adopted,Tan,Boxer,Working,Adopted,,2026-01,Unknown,Unknown,County Shelter,50.0,Historical,DOG-0118
2025-12-05 16:48:22,Cuddles,Adopted,Pit Mix,Brown,Female,3.0,,,Bell County,Yes,Yes,Unsure,,,,Adopted,Brown,Pit Bull,Terrier,Adopted,,2025-12,Adult,Unknown,County Shelter,66.66666666666666,Historical,DOG-0119
2025-12-17 13:30:26,Cooper,Adopted,Mixed Breed,Black And Tan,Male,1.0,,,Julie,Yes,Unknown,Unsure,,,,Adopted,Black,Other,Other,Adopted,,2025-12,Young Adult,Unknown,Other,66.66666666666666,Historical,DOG-0120
2025-03-28 14:19:44,Norman,Adopted,Hound Mix,Tricolor,Male,2.0,,45.0,Bell County,Unknown,Unknown,Unsure,,,https://www.petfinder.com/dog/norman-76386493/ky/junction-city/fields-of-freedom-dog-rescue-ky602/,Adopted,Tricolor,Hound,Hound,Adopted,,2025-03,Young Adult,Medium,County Shelter,83.33333333333334,Historical,DOG-0121
2025-07-30 09:40:02,Cain,Adopted,Cane Corso,Black And Gray,Male,2.0,,100.0,Owner Surrender,Yes,Yes,Unsure,,,,Adopted,Black,Other,Other,Adopted,,2025-07,Young Adult,XL,Owner Surrender,83.33333333333334,Historical,DOG-0122
2026-01-13 14:19:09,Bruce,Adopted,Chi,Brindle And White,Male,3.0,,15.0,Bell County,Yes,Yes,Unsure,,,,Adopted,Brindle,Other,Other,Adopted,,2026-01,Adult,Small,County Shelter,83.33333333333334,Historical,DOG-0123
2026-02-19 18:36:42,Martini,Adopted,Pit,Blue,Male,,,10.0,Owner Surrender,Yes,Yes,Unsure,,,,Adopted,Blue,Pit Bull,Terrier,Adopted,,2026-02,Unknown,Small,Owner Surrender,66.66666666666666,Historical,DOG-0124
2025-12-22 11:52:32,Max/Buddy,Adopted,Shep Mix,Tan And White,Male,11.0,,45.0,Bell County,Yes,Yes,Unsure,,,,Adopted,Tan,Other,Other,Adopted,,2025-12,Senior,Medium,County Shelter,83.33333333333334,Historical,DOG-0125
2026-02-19 18:40:27,Sky,Adopted,Boxer Mix,Brindle And White,Female,,,15.0,Bell County,Yes,Yes,Yes,,,,Adopted,Brindle,Boxer,Working,Adopted,,2026-02,Unknown,Small,County Shelter,66.66666666666666,Historical,DOG-0126
2025-01-22 16:16:35,Buck,Adopted,Bully Cane Corso Mix,Brown,Male,2.0,,90.0,Home Rescue,More Testing,Yes,Unsure,"Very playful, lots of energy, and loves toys. Owner gave up rights.",,"Dog for adoption - Buck, a Cane Corso Mix in Lancaster, KY | Petfinder",Adopted,Brown,Bully,Terrier,Adopted,,2025-01,Young Adult,XL,Rescue Transfer,83.33333333333334,Historical,DOG-0127
2026-02-19 18:37:35,Magnolia,Adopted,Mix,Black And Tan,Male,,,8.0,Bell County,Yes,Yes,Unsure,,,,Adopted,Black,Other,Other,Adopted,,2026-02,Unknown,Small,County Shelter,66.66666666666666,Historical,DOG-0128
2025-10-22 09:44:12,Belinda,Adopted,Boxer Mix,Brown And White,Female,3.0,,64.6,Bell County,Yes,Yes,Unsure,Bonded Pair with Kris(Chi),,,Adopted,Brown,Boxer,Working,Adopted,,2025-10,Adult,Large,County Shelter,83.33333333333334,Historical,DOG-0129
2025-10-22 09:45:56,Kris,Adopted,Chihuahua,Tan And White,Male,2.0,,9.0,Bell County,Yes,Unknown,Unsure,Bonded pair with Belinda,,,Adopted,Tan,Other,Other,Adopted,,2025-10,Young Adult,Small,County Shelter,83.33333333333334,Historical,DOG-0130
2025-05-12 12:13:28,Miley,Adopted,Pit Mix,Blue,Female,1.0,,30.0,Unknown,Yes,Yes,Unsure,,,https://www.petfinder.com/dog/miley-76776240/ky/junction-city/fields-of-freedom-dog-rescue-ky602/,Adopted,Blue,Pit Bull,Terrier,Adopted,,2025-05,Young Adult,Medium,Other,83.33333333333334,Historical,DOG-0131
2025-12-22 11:43:48,Annie/Honey,Adopted,Shep Mix,Brown,Female,,,,Bell County,Yes,Unknown,Unsure,,,,Adopted,Brown,Other,Other,Adopted,,2025-12,Unknown,Unknown,County Shelter,50.0,Historical,DOG-0132
2025-04-29 10:38:39,Bo,Adopted,Rat Terrier Mix,Tricolor,Male,3.0,,28.0,Bell County,Unknown,Unknown,Unsure,,,,Adopted,Tricolor,Other,Other,Adopted,,2025-04,Adult,Medium,County Shelter,83.33333333333334,Historical,DOG-0133
2026-05-14 11:48:14,Mopsy,Adopted,Anatolian Mix,Tricolor,Male,2.0,,68.0,Bell County,Yes,Yes,Unsure,,,,Adopted,Tricolor,Anatolian,Working,Adopted,,2026-05,Young Adult,Large,County Shelter,83.33333333333334,Historical,DOG-0134
2026-05-14 11:48:49,Zada,Adopted,Bully Mix,White,Female,3.0,,75.0,Vet,Yes,Yes,Unsure,,,,Adopted,White,Bully,Terrier,Adopted,,2026-05,Adult,XL,Veterinary,83.33333333333334,Historical,DOG-0135
2026-05-14 11:49:27,Peanut,Adopted,Beagle Mix,Brown And White,Male,2.0,,35.0,Bell County,Yes,Yes,Unsure,,,,Adopted,Brown,Beagle,Hound,Adopted,,2026-05,Young Adult,Medium,County Shelter,83.33333333333334,Historical,DOG-0136
2026-05-14 11:52:13,Hank,Adopted,Shepherd Mix,Black,Male,4.0,,75.0,Bell County,Yes,Yes,Unsure,,,,Adopted,Black,Shepherd,Herding,Adopted,,2026-05,Adult,XL,County Shelter,83.33333333333334,Historical,DOG-0137
2026-05-14 11:55:13,June Bug,Adopted,Mixed Breed,Tan And White,Female,2.0,12/08/2023,40.0,Knox County,Yes,Unknown,Unsure,,,,Adopted,Tan,Other,Other,Adopted,,2026-05,Young Adult,Medium,County Shelter,83.33333333333334,Historical,DOG-0138
2025-02-17 12:53:59,Prince,Adopted,Pit Mix,Brown And White,Male,2.0,,50.0,Bell County,Yes,Unknown,Unsure,very dominant and selective,,https://www.petfinder.com/dog/prince-76387800/ky/junction-city/fields-of-freedom-dog-rescue-ky602/,Adopted,Brown,Pit Bull,Terrier,Adopted,,2025-02,Young Adult,Large,County Shelter,83.33333333333334,Historical,DOG-0139
